City_ID,City,Country,Date,Lat,Lng,Max Temp,Humidity,Cloudiness,Wind Speed
0,Chapada Dos Guimaraes,BR,2021-04-09 17:23:54,-15.4606,-55.7497,89.6,55,40,6.91
1,Chapada Dos Guimaraes,BR,2021-04-09 17:23:54,-15.4606,-55.7497,89.6,55,40,6.91
2,Chapada Dos Guimaraes,BR,2021-04-09 17:23:54,-15.4606,-55.7497,89.6,55,40,6.91
3,Chapada Dos Guimaraes,BR,2021-04-09 17:23:54,-15.4606,-55.7497,89.6,55,40,6.91
4,Chapada Dos Guimaraes,BR,2021-04-09 17:23:54,-15.4606,-55.7497,89.6,55,40,6.91
5,Chapada Dos Guimaraes,BR,2021-04-09 17:23:54,-15.4606,-55.7497,89.6,55,40,6.91
6,Chapada Dos Guimaraes,BR,2021-04-09 17:23:54,-15.4606,-55.7497,89.6,55,40,6.91
7,Chapada Dos Guimaraes,BR,2021-04-09 17:23:54,-15.4606,-55.7497,89.6,55,40,6.91
8,Chapada Dos Guimaraes,BR,2021-04-09 17:23:54,-15.4606,-55.7497,89.6,55,40,6.91
9,Chapada Dos Guimaraes,BR,2021-04-09 17:23:54,-15.4606,-55.7497,89.6,55,40,6.91
10,Chapada Dos Guimaraes,BR,2021-04-09 17:23:54,-15.4606,-55.7497,89.6,55,40,6.91
11,Chapada Dos Guimaraes,BR,2021-04-09 17:23:54,-15.4606,-55.7497,89.6,55,40,6.91
12,Chapada Dos Guimaraes,BR,2021-04-09 17:23:54,-15.4606,-55.7497,89.6,55,40,6.91
13,Chapada Dos Guimaraes,BR,2021-04-09 17:23:54,-15.4606,-55.7497,89.6,55,40,6.91
14,Chapada Dos Guimaraes,BR,2021-04-09 17:23:54,-15.4606,-55.7497,89.6,55,40,6.91
15,Chapada Dos Guimaraes,BR,2021-04-09 17:23:54,-15.4606,-55.7497,89.6,55,40,6.91
16,Chapada Dos Guimaraes,BR,2021-04-09 17:23:54,-15.4606,-55.7497,89.6,55,40,6.91
17,Chapada Dos Guimaraes,BR,2021-04-09 17:23:54,-15.4606,-55.7497,89.6,55,40,6.91
18,Chapada Dos Guimaraes,BR,2021-04-09 17:23:54,-15.4606,-55.7497,89.6,55,40,6.91
19,Chapada Dos Guimaraes,BR,2021-04-09 17:23:54,-15.4606,-55.7497,89.6,55,40,6.91
20,Chapada Dos Guimaraes,BR,2021-04-09 17:23:54,-15.4606,-55.7497,89.6,55,40,6.91
21,Chapada Dos Guimaraes,BR,2021-04-09 17:23:54,-15.4606,-55.7497,89.6,55,40,6.91
22,Chapada Dos Guimaraes,BR,2021-04-09 17:23:54,-15.4606,-55.7497,89.6,55,40,6.91
23,Chapada Dos Guimaraes,BR,2021-04-09 17:23:54,-15.4606,-55.7497,89.6,55,40,6.91
24,Chapada Dos Guimaraes,BR,2021-04-09 17:23:54,-15.4606,-55.7497,89.6,55,40,6.91
25,Chapada Dos Guimaraes,BR,2021-04-09 17:23:54,-15.4606,-55.7497,89.6,55,40,6.91
26,Chapada Dos Guimaraes,BR,2021-04-09 17:23:54,-15.4606,-55.7497,89.6,55,40,6.91
27,Chapada Dos Guimaraes,BR,2021-04-09 17:23:54,-15.4606,-55.7497,89.6,55,40,6.91
28,Chapada Dos Guimaraes,BR,2021-04-09 17:23:54,-15.4606,-55.7497,89.6,55,40,6.91
29,Chapada Dos Guimaraes,BR,2021-04-09 17:23:54,-15.4606,-55.7497,89.6,55,40,6.91
30,Chapada Dos Guimaraes,BR,2021-04-09 17:23:54,-15.4606,-55.7497,89.6,55,40,6.91
31,Chapada Dos Guimaraes,BR,2021-04-09 17:23:54,-15.4606,-55.7497,89.6,55,40,6.91
32,Chapada Dos Guimaraes,BR,2021-04-09 17:23:54,-15.4606,-55.7497,89.6,55,40,6.91
33,Chapada Dos Guimaraes,BR,2021-04-09 17:23:54,-15.4606,-55.7497,89.6,55,40,6.91
34,Chapada Dos Guimaraes,BR,2021-04-09 17:23:54,-15.4606,-55.7497,89.6,55,40,6.91
35,Chapada Dos Guimaraes,BR,2021-04-09 17:23:54,-15.4606,-55.7497,89.6,55,40,6.91
36,Chapada Dos Guimaraes,BR,2021-04-09 17:23:54,-15.4606,-55.7497,89.6,55,40,6.91
37,Chapada Dos Guimaraes,BR,2021-04-09 17:23:54,-15.4606,-55.7497,89.6,55,40,6.91
38,Chapada Dos Guimaraes,BR,2021-04-09 17:23:54,-15.4606,-55.7497,89.6,55,40,6.91
39,Chapada Dos Guimaraes,BR,2021-04-09 17:23:54,-15.4606,-55.7497,89.6,55,40,6.91
40,Chapada Dos Guimaraes,BR,2021-04-09 17:23:54,-15.4606,-55.7497,89.6,55,40,6.91
41,Chapada Dos Guimaraes,BR,2021-04-09 17:23:54,-15.4606,-55.7497,89.6,55,40,6.91
42,Chapada Dos Guimaraes,BR,2021-04-09 17:23:54,-15.4606,-55.7497,89.6,55,40,6.91
43,Chapada Dos Guimaraes,BR,2021-04-09 17:23:54,-15.4606,-55.7497,89.6,55,40,6.91
44,Chapada Dos Guimaraes,BR,2021-04-09 17:23:54,-15.4606,-55.7497,89.6,55,40,6.91
45,Chapada Dos Guimaraes,BR,2021-04-09 17:23:54,-15.4606,-55.7497,89.6,55,40,6.91
46,Chapada Dos Guimaraes,BR,2021-04-09 17:23:54,-15.4606,-55.7497,89.6,55,40,6.91
47,Chapada Dos Guimaraes,BR,2021-04-09 17:23:54,-15.4606,-55.7497,89.6,55,40,6.91
48,Chapada Dos Guimaraes,BR,2021-04-09 17:23:54,-15.4606,-55.7497,89.6,55,40,6.91
49,Chapada Dos Guimaraes,BR,2021-04-09 17:23:54,-15.4606,-55.7497,89.6,55,40,6.91
50,Chapada Dos Guimaraes,BR,2021-04-09 17:23:54,-15.4606,-55.7497,89.6,55,40,6.91
51,Chapada Dos Guimaraes,BR,2021-04-09 17:23:54,-15.4606,-55.7497,89.6,55,40,6.91
52,Chapada Dos Guimaraes,BR,2021-04-09 17:23:54,-15.4606,-55.7497,89.6,55,40,6.91
53,Chapada Dos Guimaraes,BR,2021-04-09 17:23:54,-15.4606,-55.7497,89.6,55,40,6.91
54,Chapada Dos Guimaraes,BR,2021-04-09 17:23:54,-15.4606,-55.7497,89.6,55,40,6.91
55,Chapada Dos Guimaraes,BR,2021-04-09 17:23:54,-15.4606,-55.7497,89.6,55,40,6.91
56,Chapada Dos Guimaraes,BR,2021-04-09 17:23:54,-15.4606,-55.7497,89.6,55,40,6.91
57,Chapada Dos Guimaraes,BR,2021-04-09 17:23:54,-15.4606,-55.7497,89.6,55,40,6.91
58,Chapada Dos Guimaraes,BR,2021-04-09 17:23:54,-15.4606,-55.7497,89.6,55,40,6.91
59,Chapada Dos Guimaraes,BR,2021-04-09 17:23:54,-15.4606,-55.7497,89.6,55,40,6.91
60,Chapada Dos Guimaraes,BR,2021-04-09 17:23:54,-15.4606,-55.7497,89.6,55,40,6.91
61,Chapada Dos Guimaraes,BR,2021-04-09 17:23:54,-15.4606,-55.7497,89.6,55,40,6.91
62,Chapada Dos Guimaraes,BR,2021-04-09 17:23:54,-15.4606,-55.7497,89.6,55,40,6.91
63,Chapada Dos Guimaraes,BR,2021-04-09 17:23:54,-15.4606,-55.7497,89.6,55,40,6.91
64,Chapada Dos Guimaraes,BR,2021-04-09 17:23:54,-15.4606,-55.7497,89.6,55,40,6.91
65,Chapada Dos Guimaraes,BR,2021-04-09 17:23:54,-15.4606,-55.7497,89.6,55,40,6.91
66,Chapada Dos Guimaraes,BR,2021-04-09 17:23:54,-15.4606,-55.7497,89.6,55,40,6.91
67,Chapada Dos Guimaraes,BR,2021-04-09 17:23:54,-15.4606,-55.7497,89.6,55,40,6.91
68,Chapada Dos Guimaraes,BR,2021-04-09 17:23:54,-15.4606,-55.7497,89.6,55,40,6.91
69,Chapada Dos Guimaraes,BR,2021-04-09 17:23:54,-15.4606,-55.7497,89.6,55,40,6.91
70,Chapada Dos Guimaraes,BR,2021-04-09 17:23:54,-15.4606,-55.7497,89.6,55,40,6.91
71,Chapada Dos Guimaraes,BR,2021-04-09 17:23:54,-15.4606,-55.7497,89.6,55,40,6.91
72,Chapada Dos Guimaraes,BR,2021-04-09 17:23:54,-15.4606,-55.7497,89.6,55,40,6.91
73,Chapada Dos Guimaraes,BR,2021-04-09 17:23:54,-15.4606,-55.7497,89.6,55,40,6.91
74,Chapada Dos Guimaraes,BR,2021-04-09 17:23:54,-15.4606,-55.7497,89.6,55,40,6.91
75,Chapada Dos Guimaraes,BR,2021-04-09 17:23:54,-15.4606,-55.7497,89.6,55,40,6.91
76,Chapada Dos Guimaraes,BR,2021-04-09 17:23:54,-15.4606,-55.7497,89.6,55,40,6.91
77,Chapada Dos Guimaraes,BR,2021-04-09 17:23:54,-15.4606,-55.7497,89.6,55,40,6.91
78,Chapada Dos Guimaraes,BR,2021-04-09 17:23:54,-15.4606,-55.7497,89.6,55,40,6.91
79,Chapada Dos Guimaraes,BR,2021-04-09 17:23:54,-15.4606,-55.7497,89.6,55,40,6.91
80,Chapada Dos Guimaraes,BR,2021-04-09 17:23:54,-15.4606,-55.7497,89.6,55,40,6.91
81,Chapada Dos Guimaraes,BR,2021-04-09 17:23:54,-15.4606,-55.7497,89.6,55,40,6.91
82,Chapada Dos Guimaraes,BR,2021-04-09 17:23:54,-15.4606,-55.7497,89.6,55,40,6.91
83,Chapada Dos Guimaraes,BR,2021-04-09 17:23:54,-15.4606,-55.7497,89.6,55,40,6.91
84,Chapada Dos Guimaraes,BR,2021-04-09 17:23:54,-15.4606,-55.7497,89.6,55,40,6.91
85,Chapada Dos Guimaraes,BR,2021-04-09 17:23:54,-15.4606,-55.7497,89.6,55,40,6.91
86,Chapada Dos Guimaraes,BR,2021-04-09 17:23:54,-15.4606,-55.7497,89.6,55,40,6.91
87,Chapada Dos Guimaraes,BR,2021-04-09 17:23:54,-15.4606,-55.7497,89.6,55,40,6.91
88,Chapada Dos Guimaraes,BR,2021-04-09 17:23:54,-15.4606,-55.7497,89.6,55,40,6.91
89,Chapada Dos Guimaraes,BR,2021-04-09 17:23:54,-15.4606,-55.7497,89.6,55,40,6.91
90,Chapada Dos Guimaraes,BR,2021-04-09 17:23:54,-15.4606,-55.7497,89.6,55,40,6.91
91,Chapada Dos Guimaraes,BR,2021-04-09 17:23:54,-15.4606,-55.7497,89.6,55,40,6.91
92,Chapada Dos Guimaraes,BR,2021-04-09 17:23:54,-15.4606,-55.7497,89.6,55,40,6.91
93,Chapada Dos Guimaraes,BR,2021-04-09 17:23:54,-15.4606,-55.7497,89.6,55,40,6.91
94,Chapada Dos Guimaraes,BR,2021-04-09 17:23:54,-15.4606,-55.7497,89.6,55,40,6.91
95,Chapada Dos Guimaraes,BR,2021-04-09 17:23:54,-15.4606,-55.7497,89.6,55,40,6.91
96,Chapada Dos Guimaraes,BR,2021-04-09 17:23:54,-15.4606,-55.7497,89.6,55,40,6.91
97,Chapada Dos Guimaraes,BR,2021-04-09 17:23:54,-15.4606,-55.7497,89.6,55,40,6.91
98,Chapada Dos Guimaraes,BR,2021-04-09 17:23:54,-15.4606,-55.7497,89.6,55,40,6.91
99,Chapada Dos Guimaraes,BR,2021-04-09 17:23:54,-15.4606,-55.7497,89.6,55,40,6.91
100,Chapada Dos Guimaraes,BR,2021-04-09 17:23:54,-15.4606,-55.7497,89.6,55,40,6.91
101,Chapada Dos Guimaraes,BR,2021-04-09 17:23:54,-15.4606,-55.7497,89.6,55,40,6.91
102,Chapada Dos Guimaraes,BR,2021-04-09 17:23:54,-15.4606,-55.7497,89.6,55,40,6.91
103,Chapada Dos Guimaraes,BR,2021-04-09 17:23:54,-15.4606,-55.7497,89.6,55,40,6.91
104,Chapada Dos Guimaraes,BR,2021-04-09 17:23:54,-15.4606,-55.7497,89.6,55,40,6.91
105,Chapada Dos Guimaraes,BR,2021-04-09 17:23:54,-15.4606,-55.7497,89.6,55,40,6.91
106,Chapada Dos Guimaraes,BR,2021-04-09 17:23:54,-15.4606,-55.7497,89.6,55,40,6.91
107,Chapada Dos Guimaraes,BR,2021-04-09 17:23:54,-15.4606,-55.7497,89.6,55,40,6.91
108,Chapada Dos Guimaraes,BR,2021-04-09 17:23:54,-15.4606,-55.7497,89.6,55,40,6.91
109,Chapada Dos Guimaraes,BR,2021-04-09 17:23:54,-15.4606,-55.7497,89.6,55,40,6.91
110,Chapada Dos Guimaraes,BR,2021-04-09 17:23:54,-15.4606,-55.7497,89.6,55,40,6.91
111,Chapada Dos Guimaraes,BR,2021-04-09 17:23:54,-15.4606,-55.7497,89.6,55,40,6.91
112,Chapada Dos Guimaraes,BR,2021-04-09 17:23:54,-15.4606,-55.7497,89.6,55,40,6.91
113,Chapada Dos Guimaraes,BR,2021-04-09 17:23:54,-15.4606,-55.7497,89.6,55,40,6.91
114,Chapada Dos Guimaraes,BR,2021-04-09 17:23:54,-15.4606,-55.7497,89.6,55,40,6.91
115,Chapada Dos Guimaraes,BR,2021-04-09 17:23:54,-15.4606,-55.7497,89.6,55,40,6.91
116,Chapada Dos Guimaraes,BR,2021-04-09 17:23:54,-15.4606,-55.7497,89.6,55,40,6.91
117,Chapada Dos Guimaraes,BR,2021-04-09 17:23:54,-15.4606,-55.7497,89.6,55,40,6.91
118,Chapada Dos Guimaraes,BR,2021-04-09 17:23:54,-15.4606,-55.7497,89.6,55,40,6.91
119,Chapada Dos Guimaraes,BR,2021-04-09 17:23:54,-15.4606,-55.7497,89.6,55,40,6.91
120,Chapada Dos Guimaraes,BR,2021-04-09 17:23:54,-15.4606,-55.7497,89.6,55,40,6.91
121,Chapada Dos Guimaraes,BR,2021-04-09 17:23:54,-15.4606,-55.7497,89.6,55,40,6.91
122,Chapada Dos Guimaraes,BR,2021-04-09 17:23:54,-15.4606,-55.7497,89.6,55,40,6.91
123,Chapada Dos Guimaraes,BR,2021-04-09 17:23:54,-15.4606,-55.7497,89.6,55,40,6.91
124,Chapada Dos Guimaraes,BR,2021-04-09 17:23:54,-15.4606,-55.7497,89.6,55,40,6.91
125,Chapada Dos Guimaraes,BR,2021-04-09 17:23:54,-15.4606,-55.7497,89.6,55,40,6.91
126,Chapada Dos Guimaraes,BR,2021-04-09 17:23:54,-15.4606,-55.7497,89.6,55,40,6.91
127,Chapada Dos Guimaraes,BR,2021-04-09 17:23:54,-15.4606,-55.7497,89.6,55,40,6.91
128,Chapada Dos Guimaraes,BR,2021-04-09 17:23:54,-15.4606,-55.7497,89.6,55,40,6.91
129,Chapada Dos Guimaraes,BR,2021-04-09 17:23:54,-15.4606,-55.7497,89.6,55,40,6.91
130,Chapada Dos Guimaraes,BR,2021-04-09 17:23:54,-15.4606,-55.7497,89.6,55,40,6.91
131,Chapada Dos Guimaraes,BR,2021-04-09 17:23:54,-15.4606,-55.7497,89.6,55,40,6.91
132,Chapada Dos Guimaraes,BR,2021-04-09 17:23:54,-15.4606,-55.7497,89.6,55,40,6.91
133,Chapada Dos Guimaraes,BR,2021-04-09 17:23:54,-15.4606,-55.7497,89.6,55,40,6.91
134,Chapada Dos Guimaraes,BR,2021-04-09 17:23:54,-15.4606,-55.7497,89.6,55,40,6.91
135,Chapada Dos Guimaraes,BR,2021-04-09 17:23:54,-15.4606,-55.7497,89.6,55,40,6.91
136,Chapada Dos Guimaraes,BR,2021-04-09 17:23:54,-15.4606,-55.7497,89.6,55,40,6.91
137,Chapada Dos Guimaraes,BR,2021-04-09 17:23:54,-15.4606,-55.7497,89.6,55,40,6.91
138,Chapada Dos Guimaraes,BR,2021-04-09 17:23:54,-15.4606,-55.7497,89.6,55,40,6.91
139,Chapada Dos Guimaraes,BR,2021-04-09 17:23:54,-15.4606,-55.7497,89.6,55,40,6.91
140,Chapada Dos Guimaraes,BR,2021-04-09 17:23:54,-15.4606,-55.7497,89.6,55,40,6.91
141,Chapada Dos Guimaraes,BR,2021-04-09 17:23:54,-15.4606,-55.7497,89.6,55,40,6.91
142,Chapada Dos Guimaraes,BR,2021-04-09 17:23:54,-15.4606,-55.7497,89.6,55,40,6.91
143,Chapada Dos Guimaraes,BR,2021-04-09 17:23:54,-15.4606,-55.7497,89.6,55,40,6.91
144,Chapada Dos Guimaraes,BR,2021-04-09 17:23:54,-15.4606,-55.7497,89.6,55,40,6.91
145,Chapada Dos Guimaraes,BR,2021-04-09 17:23:54,-15.4606,-55.7497,89.6,55,40,6.91
146,Chapada Dos Guimaraes,BR,2021-04-09 17:23:54,-15.4606,-55.7497,89.6,55,40,6.91
147,Chapada Dos Guimaraes,BR,2021-04-09 17:23:54,-15.4606,-55.7497,89.6,55,40,6.91
148,Chapada Dos Guimaraes,BR,2021-04-09 17:23:54,-15.4606,-55.7497,89.6,55,40,6.91
149,Chapada Dos Guimaraes,BR,2021-04-09 17:23:54,-15.4606,-55.7497,89.6,55,40,6.91
150,Chapada Dos Guimaraes,BR,2021-04-09 17:23:54,-15.4606,-55.7497,89.6,55,40,6.91
151,Chapada Dos Guimaraes,BR,2021-04-09 17:23:54,-15.4606,-55.7497,89.6,55,40,6.91
152,Chapada Dos Guimaraes,BR,2021-04-09 17:23:54,-15.4606,-55.7497,89.6,55,40,6.91
153,Chapada Dos Guimaraes,BR,2021-04-09 17:23:54,-15.4606,-55.7497,89.6,55,40,6.91
154,Chapada Dos Guimaraes,BR,2021-04-09 17:23:54,-15.4606,-55.7497,89.6,55,40,6.91
155,Chapada Dos Guimaraes,BR,2021-04-09 17:23:54,-15.4606,-55.7497,89.6,55,40,6.91
156,Chapada Dos Guimaraes,BR,2021-04-09 17:23:54,-15.4606,-55.7497,89.6,55,40,6.91
157,Chapada Dos Guimaraes,BR,2021-04-09 17:23:54,-15.4606,-55.7497,89.6,55,40,6.91
158,Chapada Dos Guimaraes,BR,2021-04-09 17:23:54,-15.4606,-55.7497,89.6,55,40,6.91
159,Chapada Dos Guimaraes,BR,2021-04-09 17:23:54,-15.4606,-55.7497,89.6,55,40,6.91
160,Chapada Dos Guimaraes,BR,2021-04-09 17:23:54,-15.4606,-55.7497,89.6,55,40,6.91
161,Chapada Dos Guimaraes,BR,2021-04-09 17:23:54,-15.4606,-55.7497,89.6,55,40,6.91
162,Chapada Dos Guimaraes,BR,2021-04-09 17:23:54,-15.4606,-55.7497,89.6,55,40,6.91
163,Chapada Dos Guimaraes,BR,2021-04-09 17:23:54,-15.4606,-55.7497,89.6,55,40,6.91
164,Chapada Dos Guimaraes,BR,2021-04-09 17:23:54,-15.4606,-55.7497,89.6,55,40,6.91
165,Chapada Dos Guimaraes,BR,2021-04-09 17:23:54,-15.4606,-55.7497,89.6,55,40,6.91
166,Chapada Dos Guimaraes,BR,2021-04-09 17:23:54,-15.4606,-55.7497,89.6,55,40,6.91
167,Chapada Dos Guimaraes,BR,2021-04-09 17:23:54,-15.4606,-55.7497,89.6,55,40,6.91
168,Chapada Dos Guimaraes,BR,2021-04-09 17:23:54,-15.4606,-55.7497,89.6,55,40,6.91
169,Chapada Dos Guimaraes,BR,2021-04-09 17:23:54,-15.4606,-55.7497,89.6,55,40,6.91
170,Chapada Dos Guimaraes,BR,2021-04-09 17:23:54,-15.4606,-55.7497,89.6,55,40,6.91
171,Chapada Dos Guimaraes,BR,2021-04-09 17:23:54,-15.4606,-55.7497,89.6,55,40,6.91
172,Chapada Dos Guimaraes,BR,2021-04-09 17:23:54,-15.4606,-55.7497,89.6,55,40,6.91
173,Chapada Dos Guimaraes,BR,2021-04-09 17:23:54,-15.4606,-55.7497,89.6,55,40,6.91
174,Chapada Dos Guimaraes,BR,2021-04-09 17:23:54,-15.4606,-55.7497,89.6,55,40,6.91
175,Chapada Dos Guimaraes,BR,2021-04-09 17:23:54,-15.4606,-55.7497,89.6,55,40,6.91
176,Chapada Dos Guimaraes,BR,2021-04-09 17:23:54,-15.4606,-55.7497,89.6,55,40,6.91
177,Chapada Dos Guimaraes,BR,2021-04-09 17:23:54,-15.4606,-55.7497,89.6,55,40,6.91
178,Chapada Dos Guimaraes,BR,2021-04-09 17:23:54,-15.4606,-55.7497,89.6,55,40,6.91
179,Chapada Dos Guimaraes,BR,2021-04-09 17:23:54,-15.4606,-55.7497,89.6,55,40,6.91
180,Chapada Dos Guimaraes,BR,2021-04-09 17:23:54,-15.4606,-55.7497,89.6,55,40,6.91
181,Chapada Dos Guimaraes,BR,2021-04-09 17:23:54,-15.4606,-55.7497,89.6,55,40,6.91
182,Chapada Dos Guimaraes,BR,2021-04-09 17:23:54,-15.4606,-55.7497,89.6,55,40,6.91
183,Chapada Dos Guimaraes,BR,2021-04-09 17:23:54,-15.4606,-55.7497,89.6,55,40,6.91
184,Chapada Dos Guimaraes,BR,2021-04-09 17:23:54,-15.4606,-55.7497,89.6,55,40,6.91
185,Chapada Dos Guimaraes,BR,2021-04-09 17:23:54,-15.4606,-55.7497,89.6,55,40,6.91
186,Chapada Dos Guimaraes,BR,2021-04-09 17:23:54,-15.4606,-55.7497,89.6,55,40,6.91
187,Chapada Dos Guimaraes,BR,2021-04-09 17:23:54,-15.4606,-55.7497,89.6,55,40,6.91
188,Chapada Dos Guimaraes,BR,2021-04-09 17:23:54,-15.4606,-55.7497,89.6,55,40,6.91
189,Chapada Dos Guimaraes,BR,2021-04-09 17:23:54,-15.4606,-55.7497,89.6,55,40,6.91
190,Chapada Dos Guimaraes,BR,2021-04-09 17:23:54,-15.4606,-55.7497,89.6,55,40,6.91
191,Chapada Dos Guimaraes,BR,2021-04-09 17:23:54,-15.4606,-55.7497,89.6,55,40,6.91
192,Chapada Dos Guimaraes,BR,2021-04-09 17:23:54,-15.4606,-55.7497,89.6,55,40,6.91
193,Chapada Dos Guimaraes,BR,2021-04-09 17:23:54,-15.4606,-55.7497,89.6,55,40,6.91
194,Chapada Dos Guimaraes,BR,2021-04-09 17:23:54,-15.4606,-55.7497,89.6,55,40,6.91
195,Chapada Dos Guimaraes,BR,2021-04-09 17:23:54,-15.4606,-55.7497,89.6,55,40,6.91
196,Chapada Dos Guimaraes,BR,2021-04-09 17:23:54,-15.4606,-55.7497,89.6,55,40,6.91
197,Chapada Dos Guimaraes,BR,2021-04-09 17:23:54,-15.4606,-55.7497,89.6,55,40,6.91
198,Chapada Dos Guimaraes,BR,2021-04-09 17:23:54,-15.4606,-55.7497,89.6,55,40,6.91
199,Chapada Dos Guimaraes,BR,2021-04-09 17:23:54,-15.4606,-55.7497,89.6,55,40,6.91
200,Chapada Dos Guimaraes,BR,2021-04-09 17:23:54,-15.4606,-55.7497,89.6,55,40,6.91
201,Chapada Dos Guimaraes,BR,2021-04-09 17:23:54,-15.4606,-55.7497,89.6,55,40,6.91
202,Chapada Dos Guimaraes,BR,2021-04-09 17:23:54,-15.4606,-55.7497,89.6,55,40,6.91
203,Chapada Dos Guimaraes,BR,2021-04-09 17:23:54,-15.4606,-55.7497,89.6,55,40,6.91
204,Chapada Dos Guimaraes,BR,2021-04-09 17:23:54,-15.4606,-55.7497,89.6,55,40,6.91
205,Chapada Dos Guimaraes,BR,2021-04-09 17:23:54,-15.4606,-55.7497,89.6,55,40,6.91
206,Chapada Dos Guimaraes,BR,2021-04-09 17:23:54,-15.4606,-55.7497,89.6,55,40,6.91
207,Chapada Dos Guimaraes,BR,2021-04-09 17:23:54,-15.4606,-55.7497,89.6,55,40,6.91
208,Chapada Dos Guimaraes,BR,2021-04-09 17:23:54,-15.4606,-55.7497,89.6,55,40,6.91
209,Chapada Dos Guimaraes,BR,2021-04-09 17:23:54,-15.4606,-55.7497,89.6,55,40,6.91
210,Chapada Dos Guimaraes,BR,2021-04-09 17:23:54,-15.4606,-55.7497,89.6,55,40,6.91
211,Chapada Dos Guimaraes,BR,2021-04-09 17:23:54,-15.4606,-55.7497,89.6,55,40,6.91
212,Chapada Dos Guimaraes,BR,2021-04-09 17:23:54,-15.4606,-55.7497,89.6,55,40,6.91
213,Chapada Dos Guimaraes,BR,2021-04-09 17:23:54,-15.4606,-55.7497,89.6,55,40,6.91
214,Chapada Dos Guimaraes,BR,2021-04-09 17:23:54,-15.4606,-55.7497,89.6,55,40,6.91
215,Chapada Dos Guimaraes,BR,2021-04-09 17:23:54,-15.4606,-55.7497,89.6,55,40,6.91
216,Chapada Dos Guimaraes,BR,2021-04-09 17:23:54,-15.4606,-55.7497,89.6,55,40,6.91
217,Chapada Dos Guimaraes,BR,2021-04-09 17:23:54,-15.4606,-55.7497,89.6,55,40,6.91
218,Chapada Dos Guimaraes,BR,2021-04-09 17:23:54,-15.4606,-55.7497,89.6,55,40,6.91
219,Chapada Dos Guimaraes,BR,2021-04-09 17:23:54,-15.4606,-55.7497,89.6,55,40,6.91
220,Chapada Dos Guimaraes,BR,2021-04-09 17:23:54,-15.4606,-55.7497,89.6,55,40,6.91
221,Chapada Dos Guimaraes,BR,2021-04-09 17:23:54,-15.4606,-55.7497,89.6,55,40,6.91
222,Chapada Dos Guimaraes,BR,2021-04-09 17:23:54,-15.4606,-55.7497,89.6,55,40,6.91
223,Chapada Dos Guimaraes,BR,2021-04-09 17:23:54,-15.4606,-55.7497,89.6,55,40,6.91
224,Chapada Dos Guimaraes,BR,2021-04-09 17:23:54,-15.4606,-55.7497,89.6,55,40,6.91
225,Chapada Dos Guimaraes,BR,2021-04-09 17:23:54,-15.4606,-55.7497,89.6,55,40,6.91
226,Chapada Dos Guimaraes,BR,2021-04-09 17:23:54,-15.4606,-55.7497,89.6,55,40,6.91
227,Chapada Dos Guimaraes,BR,2021-04-09 17:23:54,-15.4606,-55.7497,89.6,55,40,6.91
228,Chapada Dos Guimaraes,BR,2021-04-09 17:23:54,-15.4606,-55.7497,89.6,55,40,6.91
229,Chapada Dos Guimaraes,BR,2021-04-09 17:23:54,-15.4606,-55.7497,89.6,55,40,6.91
230,Chapada Dos Guimaraes,BR,2021-04-09 17:23:54,-15.4606,-55.7497,89.6,55,40,6.91
231,Chapada Dos Guimaraes,BR,2021-04-09 17:23:54,-15.4606,-55.7497,89.6,55,40,6.91
232,Chapada Dos Guimaraes,BR,2021-04-09 17:23:54,-15.4606,-55.7497,89.6,55,40,6.91
233,Chapada Dos Guimaraes,BR,2021-04-09 17:23:54,-15.4606,-55.7497,89.6,55,40,6.91
234,Chapada Dos Guimaraes,BR,2021-04-09 17:23:54,-15.4606,-55.7497,89.6,55,40,6.91
235,Chapada Dos Guimaraes,BR,2021-04-09 17:23:54,-15.4606,-55.7497,89.6,55,40,6.91
236,Chapada Dos Guimaraes,BR,2021-04-09 17:23:54,-15.4606,-55.7497,89.6,55,40,6.91
237,Chapada Dos Guimaraes,BR,2021-04-09 17:23:54,-15.4606,-55.7497,89.6,55,40,6.91
238,Chapada Dos Guimaraes,BR,2021-04-09 17:23:54,-15.4606,-55.7497,89.6,55,40,6.91
239,Chapada Dos Guimaraes,BR,2021-04-09 17:23:54,-15.4606,-55.7497,89.6,55,40,6.91
240,Chapada Dos Guimaraes,BR,2021-04-09 17:23:54,-15.4606,-55.7497,89.6,55,40,6.91
241,Chapada Dos Guimaraes,BR,2021-04-09 17:23:54,-15.4606,-55.7497,89.6,55,40,6.91
242,Chapada Dos Guimaraes,BR,2021-04-09 17:23:54,-15.4606,-55.7497,89.6,55,40,6.91
243,Chapada Dos Guimaraes,BR,2021-04-09 17:23:54,-15.4606,-55.7497,89.6,55,40,6.91
244,Chapada Dos Guimaraes,BR,2021-04-09 17:23:54,-15.4606,-55.7497,89.6,55,40,6.91
245,Chapada Dos Guimaraes,BR,2021-04-09 17:23:54,-15.4606,-55.7497,89.6,55,40,6.91
246,Chapada Dos Guimaraes,BR,2021-04-09 17:23:54,-15.4606,-55.7497,89.6,55,40,6.91
247,Chapada Dos Guimaraes,BR,2021-04-09 17:23:54,-15.4606,-55.7497,89.6,55,40,6.91
248,Chapada Dos Guimaraes,BR,2021-04-09 17:23:54,-15.4606,-55.7497,89.6,55,40,6.91
249,Chapada Dos Guimaraes,BR,2021-04-09 17:23:54,-15.4606,-55.7497,89.6,55,40,6.91
250,Chapada Dos Guimaraes,BR,2021-04-09 17:23:54,-15.4606,-55.7497,89.6,55,40,6.91
251,Chapada Dos Guimaraes,BR,2021-04-09 17:23:54,-15.4606,-55.7497,89.6,55,40,6.91
252,Chapada Dos Guimaraes,BR,2021-04-09 17:23:54,-15.4606,-55.7497,89.6,55,40,6.91
253,Chapada Dos Guimaraes,BR,2021-04-09 17:23:54,-15.4606,-55.7497,89.6,55,40,6.91
254,Chapada Dos Guimaraes,BR,2021-04-09 17:23:54,-15.4606,-55.7497,89.6,55,40,6.91
255,Chapada Dos Guimaraes,BR,2021-04-09 17:23:54,-15.4606,-55.7497,89.6,55,40,6.91
256,Chapada Dos Guimaraes,BR,2021-04-09 17:23:54,-15.4606,-55.7497,89.6,55,40,6.91
257,Chapada Dos Guimaraes,BR,2021-04-09 17:23:54,-15.4606,-55.7497,89.6,55,40,6.91
258,Chapada Dos Guimaraes,BR,2021-04-09 17:23:54,-15.4606,-55.7497,89.6,55,40,6.91
259,Chapada Dos Guimaraes,BR,2021-04-09 17:23:54,-15.4606,-55.7497,89.6,55,40,6.91
260,Chapada Dos Guimaraes,BR,2021-04-09 17:23:54,-15.4606,-55.7497,89.6,55,40,6.91
261,Chapada Dos Guimaraes,BR,2021-04-09 17:23:54,-15.4606,-55.7497,89.6,55,40,6.91
262,Chapada Dos Guimaraes,BR,2021-04-09 17:23:54,-15.4606,-55.7497,89.6,55,40,6.91
263,Chapada Dos Guimaraes,BR,2021-04-09 17:23:54,-15.4606,-55.7497,89.6,55,40,6.91
264,Chapada Dos Guimaraes,BR,2021-04-09 17:23:54,-15.4606,-55.7497,89.6,55,40,6.91
265,Chapada Dos Guimaraes,BR,2021-04-09 17:23:54,-15.4606,-55.7497,89.6,55,40,6.91
266,Chapada Dos Guimaraes,BR,2021-04-09 17:23:54,-15.4606,-55.7497,89.6,55,40,6.91
267,Chapada Dos Guimaraes,BR,2021-04-09 17:23:54,-15.4606,-55.7497,89.6,55,40,6.91
268,Chapada Dos Guimaraes,BR,2021-04-09 17:23:54,-15.4606,-55.7497,89.6,55,40,6.91
269,Chapada Dos Guimaraes,BR,2021-04-09 17:23:54,-15.4606,-55.7497,89.6,55,40,6.91
270,Chapada Dos Guimaraes,BR,2021-04-09 17:23:54,-15.4606,-55.7497,89.6,55,40,6.91
271,Chapada Dos Guimaraes,BR,2021-04-09 17:23:54,-15.4606,-55.7497,89.6,55,40,6.91
272,Chapada Dos Guimaraes,BR,2021-04-09 17:23:54,-15.4606,-55.7497,89.6,55,40,6.91
273,Chapada Dos Guimaraes,BR,2021-04-09 17:23:54,-15.4606,-55.7497,89.6,55,40,6.91
274,Chapada Dos Guimaraes,BR,2021-04-09 17:23:54,-15.4606,-55.7497,89.6,55,40,6.91
275,Chapada Dos Guimaraes,BR,2021-04-09 17:23:54,-15.4606,-55.7497,89.6,55,40,6.91
276,Chapada Dos Guimaraes,BR,2021-04-09 17:23:54,-15.4606,-55.7497,89.6,55,40,6.91
277,Chapada Dos Guimaraes,BR,2021-04-09 17:23:54,-15.4606,-55.7497,89.6,55,40,6.91
278,Chapada Dos Guimaraes,BR,2021-04-09 17:23:54,-15.4606,-55.7497,89.6,55,40,6.91
279,Chapada Dos Guimaraes,BR,2021-04-09 17:23:54,-15.4606,-55.7497,89.6,55,40,6.91
280,Chapada Dos Guimaraes,BR,2021-04-09 17:23:54,-15.4606,-55.7497,89.6,55,40,6.91
281,Chapada Dos Guimaraes,BR,2021-04-09 17:23:54,-15.4606,-55.7497,89.6,55,40,6.91
282,Chapada Dos Guimaraes,BR,2021-04-09 17:23:54,-15.4606,-55.7497,89.6,55,40,6.91
283,Chapada Dos Guimaraes,BR,2021-04-09 17:23:54,-15.4606,-55.7497,89.6,55,40,6.91
284,Chapada Dos Guimaraes,BR,2021-04-09 17:23:54,-15.4606,-55.7497,89.6,55,40,6.91
285,Chapada Dos Guimaraes,BR,2021-04-09 17:23:54,-15.4606,-55.7497,89.6,55,40,6.91
286,Chapada Dos Guimaraes,BR,2021-04-09 17:23:54,-15.4606,-55.7497,89.6,55,40,6.91
287,Chapada Dos Guimaraes,BR,2021-04-09 17:23:54,-15.4606,-55.7497,89.6,55,40,6.91
288,Chapada Dos Guimaraes,BR,2021-04-09 17:23:54,-15.4606,-55.7497,89.6,55,40,6.91
289,Chapada Dos Guimaraes,BR,2021-04-09 17:23:54,-15.4606,-55.7497,89.6,55,40,6.91
290,Chapada Dos Guimaraes,BR,2021-04-09 17:23:54,-15.4606,-55.7497,89.6,55,40,6.91
291,Chapada Dos Guimaraes,BR,2021-04-09 17:23:54,-15.4606,-55.7497,89.6,55,40,6.91
292,Chapada Dos Guimaraes,BR,2021-04-09 17:23:54,-15.4606,-55.7497,89.6,55,40,6.91
293,Chapada Dos Guimaraes,BR,2021-04-09 17:23:54,-15.4606,-55.7497,89.6,55,40,6.91
294,Chapada Dos Guimaraes,BR,2021-04-09 17:23:54,-15.4606,-55.7497,89.6,55,40,6.91
295,Chapada Dos Guimaraes,BR,2021-04-09 17:23:54,-15.4606,-55.7497,89.6,55,40,6.91
296,Chapada Dos Guimaraes,BR,2021-04-09 17:23:54,-15.4606,-55.7497,89.6,55,40,6.91
297,Chapada Dos Guimaraes,BR,2021-04-09 17:23:54,-15.4606,-55.7497,89.6,55,40,6.91
298,Chapada Dos Guimaraes,BR,2021-04-09 17:23:54,-15.4606,-55.7497,89.6,55,40,6.91
299,Chapada Dos Guimaraes,BR,2021-04-09 17:23:54,-15.4606,-55.7497,89.6,55,40,6.91
300,Chapada Dos Guimaraes,BR,2021-04-09 17:23:54,-15.4606,-55.7497,89.6,55,40,6.91
301,Chapada Dos Guimaraes,BR,2021-04-09 17:23:54,-15.4606,-55.7497,89.6,55,40,6.91
302,Chapada Dos Guimaraes,BR,2021-04-09 17:23:54,-15.4606,-55.7497,89.6,55,40,6.91
303,Chapada Dos Guimaraes,BR,2021-04-09 17:23:54,-15.4606,-55.7497,89.6,55,40,6.91
304,Chapada Dos Guimaraes,BR,2021-04-09 17:23:54,-15.4606,-55.7497,89.6,55,40,6.91
305,Chapada Dos Guimaraes,BR,2021-04-09 17:23:54,-15.4606,-55.7497,89.6,55,40,6.91
306,Chapada Dos Guimaraes,BR,2021-04-09 17:23:54,-15.4606,-55.7497,89.6,55,40,6.91
307,Chapada Dos Guimaraes,BR,2021-04-09 17:23:54,-15.4606,-55.7497,89.6,55,40,6.91
308,Chapada Dos Guimaraes,BR,2021-04-09 17:23:54,-15.4606,-55.7497,89.6,55,40,6.91
309,Chapada Dos Guimaraes,BR,2021-04-09 17:23:54,-15.4606,-55.7497,89.6,55,40,6.91
310,Chapada Dos Guimaraes,BR,2021-04-09 17:23:54,-15.4606,-55.7497,89.6,55,40,6.91
311,Chapada Dos Guimaraes,BR,2021-04-09 17:23:54,-15.4606,-55.7497,89.6,55,40,6.91
312,Chapada Dos Guimaraes,BR,2021-04-09 17:23:54,-15.4606,-55.7497,89.6,55,40,6.91
313,Chapada Dos Guimaraes,BR,2021-04-09 17:23:54,-15.4606,-55.7497,89.6,55,40,6.91
314,Chapada Dos Guimaraes,BR,2021-04-09 17:23:54,-15.4606,-55.7497,89.6,55,40,6.91
315,Chapada Dos Guimaraes,BR,2021-04-09 17:23:54,-15.4606,-55.7497,89.6,55,40,6.91
316,Chapada Dos Guimaraes,BR,2021-04-09 17:23:54,-15.4606,-55.7497,89.6,55,40,6.91
317,Chapada Dos Guimaraes,BR,2021-04-09 17:23:54,-15.4606,-55.7497,89.6,55,40,6.91
318,Chapada Dos Guimaraes,BR,2021-04-09 17:23:54,-15.4606,-55.7497,89.6,55,40,6.91
319,Chapada Dos Guimaraes,BR,2021-04-09 17:23:54,-15.4606,-55.7497,89.6,55,40,6.91
320,Chapada Dos Guimaraes,BR,2021-04-09 17:23:54,-15.4606,-55.7497,89.6,55,40,6.91
321,Chapada Dos Guimaraes,BR,2021-04-09 17:23:54,-15.4606,-55.7497,89.6,55,40,6.91
322,Chapada Dos Guimaraes,BR,2021-04-09 17:23:54,-15.4606,-55.7497,89.6,55,40,6.91
323,Chapada Dos Guimaraes,BR,2021-04-09 17:23:54,-15.4606,-55.7497,89.6,55,40,6.91
324,Chapada Dos Guimaraes,BR,2021-04-09 17:23:54,-15.4606,-55.7497,89.6,55,40,6.91
325,Chapada Dos Guimaraes,BR,2021-04-09 17:23:54,-15.4606,-55.7497,89.6,55,40,6.91
326,Chapada Dos Guimaraes,BR,2021-04-09 17:23:54,-15.4606,-55.7497,89.6,55,40,6.91
327,Chapada Dos Guimaraes,BR,2021-04-09 17:23:54,-15.4606,-55.7497,89.6,55,40,6.91
328,Chapada Dos Guimaraes,BR,2021-04-09 17:23:54,-15.4606,-55.7497,89.6,55,40,6.91
329,Chapada Dos Guimaraes,BR,2021-04-09 17:23:54,-15.4606,-55.7497,89.6,55,40,6.91
330,Chapada Dos Guimaraes,BR,2021-04-09 17:23:54,-15.4606,-55.7497,89.6,55,40,6.91
331,Chapada Dos Guimaraes,BR,2021-04-09 17:23:54,-15.4606,-55.7497,89.6,55,40,6.91
332,Chapada Dos Guimaraes,BR,2021-04-09 17:23:54,-15.4606,-55.7497,89.6,55,40,6.91
333,Chapada Dos Guimaraes,BR,2021-04-09 17:23:54,-15.4606,-55.7497,89.6,55,40,6.91
334,Chapada Dos Guimaraes,BR,2021-04-09 17:23:54,-15.4606,-55.7497,89.6,55,40,6.91
335,Chapada Dos Guimaraes,BR,2021-04-09 17:23:54,-15.4606,-55.7497,89.6,55,40,6.91
336,Chapada Dos Guimaraes,BR,2021-04-09 17:23:54,-15.4606,-55.7497,89.6,55,40,6.91
337,Chapada Dos Guimaraes,BR,2021-04-09 17:23:54,-15.4606,-55.7497,89.6,55,40,6.91
338,Chapada Dos Guimaraes,BR,2021-04-09 17:23:54,-15.4606,-55.7497,89.6,55,40,6.91
339,Chapada Dos Guimaraes,BR,2021-04-09 17:23:54,-15.4606,-55.7497,89.6,55,40,6.91
340,Chapada Dos Guimaraes,BR,2021-04-09 17:23:54,-15.4606,-55.7497,89.6,55,40,6.91
341,Chapada Dos Guimaraes,BR,2021-04-09 17:23:54,-15.4606,-55.7497,89.6,55,40,6.91
342,Chapada Dos Guimaraes,BR,2021-04-09 17:23:54,-15.4606,-55.7497,89.6,55,40,6.91
343,Chapada Dos Guimaraes,BR,2021-04-09 17:23:54,-15.4606,-55.7497,89.6,55,40,6.91
344,Chapada Dos Guimaraes,BR,2021-04-09 17:23:54,-15.4606,-55.7497,89.6,55,40,6.91
345,Chapada Dos Guimaraes,BR,2021-04-09 17:23:54,-15.4606,-55.7497,89.6,55,40,6.91
346,Chapada Dos Guimaraes,BR,2021-04-09 17:23:54,-15.4606,-55.7497,89.6,55,40,6.91
347,Chapada Dos Guimaraes,BR,2021-04-09 17:23:54,-15.4606,-55.7497,89.6,55,40,6.91
348,Chapada Dos Guimaraes,BR,2021-04-09 17:23:54,-15.4606,-55.7497,89.6,55,40,6.91
349,Chapada Dos Guimaraes,BR,2021-04-09 17:23:54,-15.4606,-55.7497,89.6,55,40,6.91
350,Chapada Dos Guimaraes,BR,2021-04-09 17:23:54,-15.4606,-55.7497,89.6,55,40,6.91
351,Chapada Dos Guimaraes,BR,2021-04-09 17:23:54,-15.4606,-55.7497,89.6,55,40,6.91
352,Chapada Dos Guimaraes,BR,2021-04-09 17:23:54,-15.4606,-55.7497,89.6,55,40,6.91
353,Chapada Dos Guimaraes,BR,2021-04-09 17:23:54,-15.4606,-55.7497,89.6,55,40,6.91
354,Chapada Dos Guimaraes,BR,2021-04-09 17:23:54,-15.4606,-55.7497,89.6,55,40,6.91
355,Chapada Dos Guimaraes,BR,2021-04-09 17:23:54,-15.4606,-55.7497,89.6,55,40,6.91
356,Chapada Dos Guimaraes,BR,2021-04-09 17:23:54,-15.4606,-55.7497,89.6,55,40,6.91
357,Chapada Dos Guimaraes,BR,2021-04-09 17:23:54,-15.4606,-55.7497,89.6,55,40,6.91
358,Chapada Dos Guimaraes,BR,2021-04-09 17:23:54,-15.4606,-55.7497,89.6,55,40,6.91
359,Chapada Dos Guimaraes,BR,2021-04-09 17:23:54,-15.4606,-55.7497,89.6,55,40,6.91
360,Chapada Dos Guimaraes,BR,2021-04-09 17:23:54,-15.4606,-55.7497,89.6,55,40,6.91
361,Chapada Dos Guimaraes,BR,2021-04-09 17:23:54,-15.4606,-55.7497,89.6,55,40,6.91
362,Chapada Dos Guimaraes,BR,2021-04-09 17:23:54,-15.4606,-55.7497,89.6,55,40,6.91
363,Chapada Dos Guimaraes,BR,2021-04-09 17:23:54,-15.4606,-55.7497,89.6,55,40,6.91
364,Chapada Dos Guimaraes,BR,2021-04-09 17:23:54,-15.4606,-55.7497,89.6,55,40,6.91
365,Chapada Dos Guimaraes,BR,2021-04-09 17:23:54,-15.4606,-55.7497,89.6,55,40,6.91
366,Chapada Dos Guimaraes,BR,2021-04-09 17:23:54,-15.4606,-55.7497,89.6,55,40,6.91
367,Chapada Dos Guimaraes,BR,2021-04-09 17:23:54,-15.4606,-55.7497,89.6,55,40,6.91
368,Chapada Dos Guimaraes,BR,2021-04-09 17:23:54,-15.4606,-55.7497,89.6,55,40,6.91
369,Chapada Dos Guimaraes,BR,2021-04-09 17:23:54,-15.4606,-55.7497,89.6,55,40,6.91
370,Chapada Dos Guimaraes,BR,2021-04-09 17:23:54,-15.4606,-55.7497,89.6,55,40,6.91
371,Chapada Dos Guimaraes,BR,2021-04-09 17:23:54,-15.4606,-55.7497,89.6,55,40,6.91
372,Chapada Dos Guimaraes,BR,2021-04-09 17:23:54,-15.4606,-55.7497,89.6,55,40,6.91
373,Chapada Dos Guimaraes,BR,2021-04-09 17:23:54,-15.4606,-55.7497,89.6,55,40,6.91
374,Chapada Dos Guimaraes,BR,2021-04-09 17:23:54,-15.4606,-55.7497,89.6,55,40,6.91
375,Chapada Dos Guimaraes,BR,2021-04-09 17:23:54,-15.4606,-55.7497,89.6,55,40,6.91
376,Chapada Dos Guimaraes,BR,2021-04-09 17:23:54,-15.4606,-55.7497,89.6,55,40,6.91
377,Chapada Dos Guimaraes,BR,2021-04-09 17:23:54,-15.4606,-55.7497,89.6,55,40,6.91
378,Chapada Dos Guimaraes,BR,2021-04-09 17:23:54,-15.4606,-55.7497,89.6,55,40,6.91
379,Chapada Dos Guimaraes,BR,2021-04-09 17:23:54,-15.4606,-55.7497,89.6,55,40,6.91
380,Chapada Dos Guimaraes,BR,2021-04-09 17:23:54,-15.4606,-55.7497,89.6,55,40,6.91
381,Chapada Dos Guimaraes,BR,2021-04-09 17:23:54,-15.4606,-55.7497,89.6,55,40,6.91
382,Chapada Dos Guimaraes,BR,2021-04-09 17:23:54,-15.4606,-55.7497,89.6,55,40,6.91
383,Chapada Dos Guimaraes,BR,2021-04-09 17:23:54,-15.4606,-55.7497,89.6,55,40,6.91
384,Chapada Dos Guimaraes,BR,2021-04-09 17:23:54,-15.4606,-55.7497,89.6,55,40,6.91
385,Chapada Dos Guimaraes,BR,2021-04-09 17:23:54,-15.4606,-55.7497,89.6,55,40,6.91
386,Chapada Dos Guimaraes,BR,2021-04-09 17:23:54,-15.4606,-55.7497,89.6,55,40,6.91
387,Chapada Dos Guimaraes,BR,2021-04-09 17:23:54,-15.4606,-55.7497,89.6,55,40,6.91
388,Chapada Dos Guimaraes,BR,2021-04-09 17:23:54,-15.4606,-55.7497,89.6,55,40,6.91
389,Chapada Dos Guimaraes,BR,2021-04-09 17:23:54,-15.4606,-55.7497,89.6,55,40,6.91
390,Chapada Dos Guimaraes,BR,2021-04-09 17:23:54,-15.4606,-55.7497,89.6,55,40,6.91
391,Chapada Dos Guimaraes,BR,2021-04-09 17:23:54,-15.4606,-55.7497,89.6,55,40,6.91
392,Chapada Dos Guimaraes,BR,2021-04-09 17:23:54,-15.4606,-55.7497,89.6,55,40,6.91
393,Chapada Dos Guimaraes,BR,2021-04-09 17:23:54,-15.4606,-55.7497,89.6,55,40,6.91
394,Chapada Dos Guimaraes,BR,2021-04-09 17:23:54,-15.4606,-55.7497,89.6,55,40,6.91
395,Chapada Dos Guimaraes,BR,2021-04-09 17:23:54,-15.4606,-55.7497,89.6,55,40,6.91
396,Chapada Dos Guimaraes,BR,2021-04-09 17:23:54,-15.4606,-55.7497,89.6,55,40,6.91
397,Chapada Dos Guimaraes,BR,2021-04-09 17:23:54,-15.4606,-55.7497,89.6,55,40,6.91
398,Chapada Dos Guimaraes,BR,2021-04-09 17:23:54,-15.4606,-55.7497,89.6,55,40,6.91
399,Chapada Dos Guimaraes,BR,2021-04-09 17:23:54,-15.4606,-55.7497,89.6,55,40,6.91
400,Chapada Dos Guimaraes,BR,2021-04-09 17:23:54,-15.4606,-55.7497,89.6,55,40,6.91
401,Chapada Dos Guimaraes,BR,2021-04-09 17:23:54,-15.4606,-55.7497,89.6,55,40,6.91
402,Chapada Dos Guimaraes,BR,2021-04-09 17:23:54,-15.4606,-55.7497,89.6,55,40,6.91
403,Chapada Dos Guimaraes,BR,2021-04-09 17:23:54,-15.4606,-55.7497,89.6,55,40,6.91
404,Chapada Dos Guimaraes,BR,2021-04-09 17:23:54,-15.4606,-55.7497,89.6,55,40,6.91
405,Chapada Dos Guimaraes,BR,2021-04-09 17:23:54,-15.4606,-55.7497,89.6,55,40,6.91
406,Chapada Dos Guimaraes,BR,2021-04-09 17:23:54,-15.4606,-55.7497,89.6,55,40,6.91
407,Chapada Dos Guimaraes,BR,2021-04-09 17:23:54,-15.4606,-55.7497,89.6,55,40,6.91
408,Chapada Dos Guimaraes,BR,2021-04-09 17:23:54,-15.4606,-55.7497,89.6,55,40,6.91
409,Chapada Dos Guimaraes,BR,2021-04-09 17:23:54,-15.4606,-55.7497,89.6,55,40,6.91
410,Chapada Dos Guimaraes,BR,2021-04-09 17:23:54,-15.4606,-55.7497,89.6,55,40,6.91
411,Chapada Dos Guimaraes,BR,2021-04-09 17:23:54,-15.4606,-55.7497,89.6,55,40,6.91
412,Chapada Dos Guimaraes,BR,2021-04-09 17:23:54,-15.4606,-55.7497,89.6,55,40,6.91
413,Chapada Dos Guimaraes,BR,2021-04-09 17:23:54,-15.4606,-55.7497,89.6,55,40,6.91
414,Chapada Dos Guimaraes,BR,2021-04-09 17:23:54,-15.4606,-55.7497,89.6,55,40,6.91
415,Chapada Dos Guimaraes,BR,2021-04-09 17:23:54,-15.4606,-55.7497,89.6,55,40,6.91
416,Chapada Dos Guimaraes,BR,2021-04-09 17:23:54,-15.4606,-55.7497,89.6,55,40,6.91
417,Chapada Dos Guimaraes,BR,2021-04-09 17:23:54,-15.4606,-55.7497,89.6,55,40,6.91
418,Chapada Dos Guimaraes,BR,2021-04-09 17:23:54,-15.4606,-55.7497,89.6,55,40,6.91
419,Chapada Dos Guimaraes,BR,2021-04-09 17:23:54,-15.4606,-55.7497,89.6,55,40,6.91
420,Chapada Dos Guimaraes,BR,2021-04-09 17:23:54,-15.4606,-55.7497,89.6,55,40,6.91
421,Chapada Dos Guimaraes,BR,2021-04-09 17:23:54,-15.4606,-55.7497,89.6,55,40,6.91
422,Chapada Dos Guimaraes,BR,2021-04-09 17:23:54,-15.4606,-55.7497,89.6,55,40,6.91
423,Chapada Dos Guimaraes,BR,2021-04-09 17:23:54,-15.4606,-55.7497,89.6,55,40,6.91
424,Chapada Dos Guimaraes,BR,2021-04-09 17:23:54,-15.4606,-55.7497,89.6,55,40,6.91
425,Chapada Dos Guimaraes,BR,2021-04-09 17:23:54,-15.4606,-55.7497,89.6,55,40,6.91
426,Chapada Dos Guimaraes,BR,2021-04-09 17:23:54,-15.4606,-55.7497,89.6,55,40,6.91
427,Chapada Dos Guimaraes,BR,2021-04-09 17:23:54,-15.4606,-55.7497,89.6,55,40,6.91
428,Chapada Dos Guimaraes,BR,2021-04-09 17:23:54,-15.4606,-55.7497,89.6,55,40,6.91
429,Chapada Dos Guimaraes,BR,2021-04-09 17:23:54,-15.4606,-55.7497,89.6,55,40,6.91
430,Chapada Dos Guimaraes,BR,2021-04-09 17:23:54,-15.4606,-55.7497,89.6,55,40,6.91
431,Chapada Dos Guimaraes,BR,2021-04-09 17:23:54,-15.4606,-55.7497,89.6,55,40,6.91
432,Chapada Dos Guimaraes,BR,2021-04-09 17:23:54,-15.4606,-55.7497,89.6,55,40,6.91
433,Chapada Dos Guimaraes,BR,2021-04-09 17:23:54,-15.4606,-55.7497,89.6,55,40,6.91
434,Chapada Dos Guimaraes,BR,2021-04-09 17:23:54,-15.4606,-55.7497,89.6,55,40,6.91
435,Chapada Dos Guimaraes,BR,2021-04-09 17:23:54,-15.4606,-55.7497,89.6,55,40,6.91
436,Chapada Dos Guimaraes,BR,2021-04-09 17:23:54,-15.4606,-55.7497,89.6,55,40,6.91
437,Chapada Dos Guimaraes,BR,2021-04-09 17:23:54,-15.4606,-55.7497,89.6,55,40,6.91
438,Chapada Dos Guimaraes,BR,2021-04-09 17:23:54,-15.4606,-55.7497,89.6,55,40,6.91
439,Chapada Dos Guimaraes,BR,2021-04-09 17:23:54,-15.4606,-55.7497,89.6,55,40,6.91
440,Chapada Dos Guimaraes,BR,2021-04-09 17:23:54,-15.4606,-55.7497,89.6,55,40,6.91
441,Chapada Dos Guimaraes,BR,2021-04-09 17:23:54,-15.4606,-55.7497,89.6,55,40,6.91
442,Chapada Dos Guimaraes,BR,2021-04-09 17:23:54,-15.4606,-55.7497,89.6,55,40,6.91
443,Chapada Dos Guimaraes,BR,2021-04-09 17:23:54,-15.4606,-55.7497,89.6,55,40,6.91
444,Chapada Dos Guimaraes,BR,2021-04-09 17:23:54,-15.4606,-55.7497,89.6,55,40,6.91
445,Chapada Dos Guimaraes,BR,2021-04-09 17:23:54,-15.4606,-55.7497,89.6,55,40,6.91
446,Chapada Dos Guimaraes,BR,2021-04-09 17:23:54,-15.4606,-55.7497,89.6,55,40,6.91
447,Chapada Dos Guimaraes,BR,2021-04-09 17:23:54,-15.4606,-55.7497,89.6,55,40,6.91
448,Chapada Dos Guimaraes,BR,2021-04-09 17:23:54,-15.4606,-55.7497,89.6,55,40,6.91
449,Chapada Dos Guimaraes,BR,2021-04-09 17:23:54,-15.4606,-55.7497,89.6,55,40,6.91
450,Chapada Dos Guimaraes,BR,2021-04-09 17:23:54,-15.4606,-55.7497,89.6,55,40,6.91
451,Chapada Dos Guimaraes,BR,2021-04-09 17:23:54,-15.4606,-55.7497,89.6,55,40,6.91
452,Chapada Dos Guimaraes,BR,2021-04-09 17:23:54,-15.4606,-55.7497,89.6,55,40,6.91
453,Chapada Dos Guimaraes,BR,2021-04-09 17:23:54,-15.4606,-55.7497,89.6,55,40,6.91
454,Chapada Dos Guimaraes,BR,2021-04-09 17:23:54,-15.4606,-55.7497,89.6,55,40,6.91
455,Chapada Dos Guimaraes,BR,2021-04-09 17:23:54,-15.4606,-55.7497,89.6,55,40,6.91
456,Chapada Dos Guimaraes,BR,2021-04-09 17:23:54,-15.4606,-55.7497,89.6,55,40,6.91
457,Chapada Dos Guimaraes,BR,2021-04-09 17:23:54,-15.4606,-55.7497,89.6,55,40,6.91
458,Chapada Dos Guimaraes,BR,2021-04-09 17:23:54,-15.4606,-55.7497,89.6,55,40,6.91
459,Chapada Dos Guimaraes,BR,2021-04-09 17:23:54,-15.4606,-55.7497,89.6,55,40,6.91
460,Chapada Dos Guimaraes,BR,2021-04-09 17:23:54,-15.4606,-55.7497,89.6,55,40,6.91
461,Chapada Dos Guimaraes,BR,2021-04-09 17:23:54,-15.4606,-55.7497,89.6,55,40,6.91
462,Chapada Dos Guimaraes,BR,2021-04-09 17:23:54,-15.4606,-55.7497,89.6,55,40,6.91
463,Chapada Dos Guimaraes,BR,2021-04-09 17:23:54,-15.4606,-55.7497,89.6,55,40,6.91
464,Chapada Dos Guimaraes,BR,2021-04-09 17:23:54,-15.4606,-55.7497,89.6,55,40,6.91
465,Chapada Dos Guimaraes,BR,2021-04-09 17:23:54,-15.4606,-55.7497,89.6,55,40,6.91
466,Chapada Dos Guimaraes,BR,2021-04-09 17:23:54,-15.4606,-55.7497,89.6,55,40,6.91
467,Chapada Dos Guimaraes,BR,2021-04-09 17:23:54,-15.4606,-55.7497,89.6,55,40,6.91
468,Chapada Dos Guimaraes,BR,2021-04-09 17:23:54,-15.4606,-55.7497,89.6,55,40,6.91
469,Chapada Dos Guimaraes,BR,2021-04-09 17:23:54,-15.4606,-55.7497,89.6,55,40,6.91
470,Chapada Dos Guimaraes,BR,2021-04-09 17:23:54,-15.4606,-55.7497,89.6,55,40,6.91
471,Chapada Dos Guimaraes,BR,2021-04-09 17:23:54,-15.4606,-55.7497,89.6,55,40,6.91
472,Chapada Dos Guimaraes,BR,2021-04-09 17:23:54,-15.4606,-55.7497,89.6,55,40,6.91
473,Chapada Dos Guimaraes,BR,2021-04-09 17:23:54,-15.4606,-55.7497,89.6,55,40,6.91
474,Chapada Dos Guimaraes,BR,2021-04-09 17:23:54,-15.4606,-55.7497,89.6,55,40,6.91
475,Chapada Dos Guimaraes,BR,2021-04-09 17:23:54,-15.4606,-55.7497,89.6,55,40,6.91
476,Chapada Dos Guimaraes,BR,2021-04-09 17:23:54,-15.4606,-55.7497,89.6,55,40,6.91
477,Chapada Dos Guimaraes,BR,2021-04-09 17:23:54,-15.4606,-55.7497,89.6,55,40,6.91
478,Chapada Dos Guimaraes,BR,2021-04-09 17:23:54,-15.4606,-55.7497,89.6,55,40,6.91
479,Chapada Dos Guimaraes,BR,2021-04-09 17:23:54,-15.4606,-55.7497,89.6,55,40,6.91
480,Chapada Dos Guimaraes,BR,2021-04-09 17:23:54,-15.4606,-55.7497,89.6,55,40,6.91
481,Chapada Dos Guimaraes,BR,2021-04-09 17:23:54,-15.4606,-55.7497,89.6,55,40,6.91
482,Chapada Dos Guimaraes,BR,2021-04-09 17:23:54,-15.4606,-55.7497,89.6,55,40,6.91
483,Chapada Dos Guimaraes,BR,2021-04-09 17:23:54,-15.4606,-55.7497,89.6,55,40,6.91
484,Chapada Dos Guimaraes,BR,2021-04-09 17:23:54,-15.4606,-55.7497,89.6,55,40,6.91
485,Chapada Dos Guimaraes,BR,2021-04-09 17:23:54,-15.4606,-55.7497,89.6,55,40,6.91
486,Chapada Dos Guimaraes,BR,2021-04-09 17:23:54,-15.4606,-55.7497,89.6,55,40,6.91
487,Chapada Dos Guimaraes,BR,2021-04-09 17:23:54,-15.4606,-55.7497,89.6,55,40,6.91
488,Chapada Dos Guimaraes,BR,2021-04-09 17:23:54,-15.4606,-55.7497,89.6,55,40,6.91
489,Chapada Dos Guimaraes,BR,2021-04-09 17:23:54,-15.4606,-55.7497,89.6,55,40,6.91
490,Chapada Dos Guimaraes,BR,2021-04-09 17:23:54,-15.4606,-55.7497,89.6,55,40,6.91
491,Chapada Dos Guimaraes,BR,2021-04-09 17:23:54,-15.4606,-55.7497,89.6,55,40,6.91
492,Chapada Dos Guimaraes,BR,2021-04-09 17:23:54,-15.4606,-55.7497,89.6,55,40,6.91
493,Chapada Dos Guimaraes,BR,2021-04-09 17:23:54,-15.4606,-55.7497,89.6,55,40,6.91
494,Chapada Dos Guimaraes,BR,2021-04-09 17:23:54,-15.4606,-55.7497,89.6,55,40,6.91
495,Chapada Dos Guimaraes,BR,2021-04-09 17:23:54,-15.4606,-55.7497,89.6,55,40,6.91
496,Chapada Dos Guimaraes,BR,2021-04-09 17:23:54,-15.4606,-55.7497,89.6,55,40,6.91
497,Chapada Dos Guimaraes,BR,2021-04-09 17:23:54,-15.4606,-55.7497,89.6,55,40,6.91
498,Chapada Dos Guimaraes,BR,2021-04-09 17:23:54,-15.4606,-55.7497,89.6,55,40,6.91
499,Chapada Dos Guimaraes,BR,2021-04-09 17:23:54,-15.4606,-55.7497,89.6,55,40,6.91
500,Chapada Dos Guimaraes,BR,2021-04-09 17:23:54,-15.4606,-55.7497,89.6,55,40,6.91
501,Chapada Dos Guimaraes,BR,2021-04-09 17:23:54,-15.4606,-55.7497,89.6,55,40,6.91
502,Chapada Dos Guimaraes,BR,2021-04-09 17:23:54,-15.4606,-55.7497,89.6,55,40,6.91
503,Chapada Dos Guimaraes,BR,2021-04-09 17:23:54,-15.4606,-55.7497,89.6,55,40,6.91
504,Chapada Dos Guimaraes,BR,2021-04-09 17:23:54,-15.4606,-55.7497,89.6,55,40,6.91
505,Chapada Dos Guimaraes,BR,2021-04-09 17:23:54,-15.4606,-55.7497,89.6,55,40,6.91
506,Chapada Dos Guimaraes,BR,2021-04-09 17:23:54,-15.4606,-55.7497,89.6,55,40,6.91
507,Chapada Dos Guimaraes,BR,2021-04-09 17:23:54,-15.4606,-55.7497,89.6,55,40,6.91
508,Chapada Dos Guimaraes,BR,2021-04-09 17:23:54,-15.4606,-55.7497,89.6,55,40,6.91
509,Chapada Dos Guimaraes,BR,2021-04-09 17:23:54,-15.4606,-55.7497,89.6,55,40,6.91
510,Chapada Dos Guimaraes,BR,2021-04-09 17:23:54,-15.4606,-55.7497,89.6,55,40,6.91
511,Chapada Dos Guimaraes,BR,2021-04-09 17:23:54,-15.4606,-55.7497,89.6,55,40,6.91
512,Chapada Dos Guimaraes,BR,2021-04-09 17:23:54,-15.4606,-55.7497,89.6,55,40,6.91
513,Chapada Dos Guimaraes,BR,2021-04-09 17:23:54,-15.4606,-55.7497,89.6,55,40,6.91
514,Chapada Dos Guimaraes,BR,2021-04-09 17:23:54,-15.4606,-55.7497,89.6,55,40,6.91
515,Chapada Dos Guimaraes,BR,2021-04-09 17:23:54,-15.4606,-55.7497,89.6,55,40,6.91
516,Chapada Dos Guimaraes,BR,2021-04-09 17:23:54,-15.4606,-55.7497,89.6,55,40,6.91
517,Chapada Dos Guimaraes,BR,2021-04-09 17:23:54,-15.4606,-55.7497,89.6,55,40,6.91
518,Chapada Dos Guimaraes,BR,2021-04-09 17:23:54,-15.4606,-55.7497,89.6,55,40,6.91
519,Chapada Dos Guimaraes,BR,2021-04-09 17:23:54,-15.4606,-55.7497,89.6,55,40,6.91
520,Chapada Dos Guimaraes,BR,2021-04-09 17:23:54,-15.4606,-55.7497,89.6,55,40,6.91
521,Chapada Dos Guimaraes,BR,2021-04-09 17:23:54,-15.4606,-55.7497,89.6,55,40,6.91
522,Chapada Dos Guimaraes,BR,2021-04-09 17:23:54,-15.4606,-55.7497,89.6,55,40,6.91
523,Chapada Dos Guimaraes,BR,2021-04-09 17:23:54,-15.4606,-55.7497,89.6,55,40,6.91
524,Chapada Dos Guimaraes,BR,2021-04-09 17:23:54,-15.4606,-55.7497,89.6,55,40,6.91
525,Chapada Dos Guimaraes,BR,2021-04-09 17:23:54,-15.4606,-55.7497,89.6,55,40,6.91
526,Chapada Dos Guimaraes,BR,2021-04-09 17:23:54,-15.4606,-55.7497,89.6,55,40,6.91
527,Chapada Dos Guimaraes,BR,2021-04-09 17:23:54,-15.4606,-55.7497,89.6,55,40,6.91
528,Chapada Dos Guimaraes,BR,2021-04-09 17:23:54,-15.4606,-55.7497,89.6,55,40,6.91
529,Chapada Dos Guimaraes,BR,2021-04-09 17:23:54,-15.4606,-55.7497,89.6,55,40,6.91
530,Chapada Dos Guimaraes,BR,2021-04-09 17:23:54,-15.4606,-55.7497,89.6,55,40,6.91
531,Chapada Dos Guimaraes,BR,2021-04-09 17:23:54,-15.4606,-55.7497,89.6,55,40,6.91
532,Chapada Dos Guimaraes,BR,2021-04-09 17:23:54,-15.4606,-55.7497,89.6,55,40,6.91
533,Chapada Dos Guimaraes,BR,2021-04-09 17:23:54,-15.4606,-55.7497,89.6,55,40,6.91
534,Chapada Dos Guimaraes,BR,2021-04-09 17:23:54,-15.4606,-55.7497,89.6,55,40,6.91
535,Chapada Dos Guimaraes,BR,2021-04-09 17:23:54,-15.4606,-55.7497,89.6,55,40,6.91
536,Chapada Dos Guimaraes,BR,2021-04-09 17:23:54,-15.4606,-55.7497,89.6,55,40,6.91
537,Chapada Dos Guimaraes,BR,2021-04-09 17:23:54,-15.4606,-55.7497,89.6,55,40,6.91
538,Chapada Dos Guimaraes,BR,2021-04-09 17:23:54,-15.4606,-55.7497,89.6,55,40,6.91
539,Chapada Dos Guimaraes,BR,2021-04-09 17:23:54,-15.4606,-55.7497,89.6,55,40,6.91
540,Chapada Dos Guimaraes,BR,2021-04-09 17:23:54,-15.4606,-55.7497,89.6,55,40,6.91
541,Chapada Dos Guimaraes,BR,2021-04-09 17:23:54,-15.4606,-55.7497,89.6,55,40,6.91
542,Chapada Dos Guimaraes,BR,2021-04-09 17:23:54,-15.4606,-55.7497,89.6,55,40,6.91
543,Chapada Dos Guimaraes,BR,2021-04-09 17:23:54,-15.4606,-55.7497,89.6,55,40,6.91
544,Chapada Dos Guimaraes,BR,2021-04-09 17:23:54,-15.4606,-55.7497,89.6,55,40,6.91
545,Chapada Dos Guimaraes,BR,2021-04-09 17:23:54,-15.4606,-55.7497,89.6,55,40,6.91
546,Chapada Dos Guimaraes,BR,2021-04-09 17:23:54,-15.4606,-55.7497,89.6,55,40,6.91
547,Chapada Dos Guimaraes,BR,2021-04-09 17:23:54,-15.4606,-55.7497,89.6,55,40,6.91
548,Chapada Dos Guimaraes,BR,2021-04-09 17:23:54,-15.4606,-55.7497,89.6,55,40,6.91
549,Chapada Dos Guimaraes,BR,2021-04-09 17:23:54,-15.4606,-55.7497,89.6,55,40,6.91
550,Chapada Dos Guimaraes,BR,2021-04-09 17:23:54,-15.4606,-55.7497,89.6,55,40,6.91
551,Chapada Dos Guimaraes,BR,2021-04-09 17:23:54,-15.4606,-55.7497,89.6,55,40,6.91
552,Chapada Dos Guimaraes,BR,2021-04-09 17:23:54,-15.4606,-55.7497,89.6,55,40,6.91
553,Chapada Dos Guimaraes,BR,2021-04-09 17:23:54,-15.4606,-55.7497,89.6,55,40,6.91
554,Chapada Dos Guimaraes,BR,2021-04-09 17:23:54,-15.4606,-55.7497,89.6,55,40,6.91
555,Chapada Dos Guimaraes,BR,2021-04-09 17:23:54,-15.4606,-55.7497,89.6,55,40,6.91
556,Chapada Dos Guimaraes,BR,2021-04-09 17:23:54,-15.4606,-55.7497,89.6,55,40,6.91
557,Chapada Dos Guimaraes,BR,2021-04-09 17:23:54,-15.4606,-55.7497,89.6,55,40,6.91
558,Chapada Dos Guimaraes,BR,2021-04-09 17:23:54,-15.4606,-55.7497,89.6,55,40,6.91
559,Chapada Dos Guimaraes,BR,2021-04-09 17:23:54,-15.4606,-55.7497,89.6,55,40,6.91
560,Chapada Dos Guimaraes,BR,2021-04-09 17:23:54,-15.4606,-55.7497,89.6,55,40,6.91
561,Chapada Dos Guimaraes,BR,2021-04-09 17:23:54,-15.4606,-55.7497,89.6,55,40,6.91
562,Chapada Dos Guimaraes,BR,2021-04-09 17:23:54,-15.4606,-55.7497,89.6,55,40,6.91
563,Chapada Dos Guimaraes,BR,2021-04-09 17:23:54,-15.4606,-55.7497,89.6,55,40,6.91
564,Chapada Dos Guimaraes,BR,2021-04-09 17:23:54,-15.4606,-55.7497,89.6,55,40,6.91
565,Chapada Dos Guimaraes,BR,2021-04-09 17:23:54,-15.4606,-55.7497,89.6,55,40,6.91
566,Chapada Dos Guimaraes,BR,2021-04-09 17:23:54,-15.4606,-55.7497,89.6,55,40,6.91
567,Chapada Dos Guimaraes,BR,2021-04-09 17:23:54,-15.4606,-55.7497,89.6,55,40,6.91
568,Chapada Dos Guimaraes,BR,2021-04-09 17:23:54,-15.4606,-55.7497,89.6,55,40,6.91
569,Chapada Dos Guimaraes,BR,2021-04-09 17:23:54,-15.4606,-55.7497,89.6,55,40,6.91
570,Chapada Dos Guimaraes,BR,2021-04-09 17:23:54,-15.4606,-55.7497,89.6,55,40,6.91
571,Chapada Dos Guimaraes,BR,2021-04-09 17:23:54,-15.4606,-55.7497,89.6,55,40,6.91
572,Chapada Dos Guimaraes,BR,2021-04-09 17:23:54,-15.4606,-55.7497,89.6,55,40,6.91
573,Chapada Dos Guimaraes,BR,2021-04-09 17:23:54,-15.4606,-55.7497,89.6,55,40,6.91
574,Chapada Dos Guimaraes,BR,2021-04-09 17:23:54,-15.4606,-55.7497,89.6,55,40,6.91
575,Chapada Dos Guimaraes,BR,2021-04-09 17:23:54,-15.4606,-55.7497,89.6,55,40,6.91
576,Chapada Dos Guimaraes,BR,2021-04-09 17:23:54,-15.4606,-55.7497,89.6,55,40,6.91
577,Chapada Dos Guimaraes,BR,2021-04-09 17:23:54,-15.4606,-55.7497,89.6,55,40,6.91
578,Chapada Dos Guimaraes,BR,2021-04-09 17:23:54,-15.4606,-55.7497,89.6,55,40,6.91
579,Chapada Dos Guimaraes,BR,2021-04-09 17:23:54,-15.4606,-55.7497,89.6,55,40,6.91
580,Chapada Dos Guimaraes,BR,2021-04-09 17:23:54,-15.4606,-55.7497,89.6,55,40,6.91
581,Chapada Dos Guimaraes,BR,2021-04-09 17:23:54,-15.4606,-55.7497,89.6,55,40,6.91
582,Chapada Dos Guimaraes,BR,2021-04-09 17:23:54,-15.4606,-55.7497,89.6,55,40,6.91
583,Chapada Dos Guimaraes,BR,2021-04-09 17:23:54,-15.4606,-55.7497,89.6,55,40,6.91
584,Chapada Dos Guimaraes,BR,2021-04-09 17:23:54,-15.4606,-55.7497,89.6,55,40,6.91
585,Chapada Dos Guimaraes,BR,2021-04-09 17:23:54,-15.4606,-55.7497,89.6,55,40,6.91
586,Chapada Dos Guimaraes,BR,2021-04-09 17:23:54,-15.4606,-55.7497,89.6,55,40,6.91
587,Chapada Dos Guimaraes,BR,2021-04-09 17:23:54,-15.4606,-55.7497,89.6,55,40,6.91
588,Chapada Dos Guimaraes,BR,2021-04-09 17:23:54,-15.4606,-55.7497,89.6,55,40,6.91
589,Chapada Dos Guimaraes,BR,2021-04-09 17:23:54,-15.4606,-55.7497,89.6,55,40,6.91
590,Chapada Dos Guimaraes,BR,2021-04-09 17:23:54,-15.4606,-55.7497,89.6,55,40,6.91
591,Chapada Dos Guimaraes,BR,2021-04-09 17:23:54,-15.4606,-55.7497,89.6,55,40,6.91
592,Chapada Dos Guimaraes,BR,2021-04-09 17:23:54,-15.4606,-55.7497,89.6,55,40,6.91
593,Chapada Dos Guimaraes,BR,2021-04-09 17:23:54,-15.4606,-55.7497,89.6,55,40,6.91
594,Chapada Dos Guimaraes,BR,2021-04-09 17:23:54,-15.4606,-55.7497,89.6,55,40,6.91
595,Chapada Dos Guimaraes,BR,2021-04-09 17:23:54,-15.4606,-55.7497,89.6,55,40,6.91
596,Chapada Dos Guimaraes,BR,2021-04-09 17:23:54,-15.4606,-55.7497,89.6,55,40,6.91
597,Chapada Dos Guimaraes,BR,2021-04-09 17:23:54,-15.4606,-55.7497,89.6,55,40,6.91
598,Chapada Dos Guimaraes,BR,2021-04-09 17:23:54,-15.4606,-55.7497,89.6,55,40,6.91
599,Chapada Dos Guimaraes,BR,2021-04-09 17:23:54,-15.4606,-55.7497,89.6,55,40,6.91
600,Chapada Dos Guimaraes,BR,2021-04-09 17:23:54,-15.4606,-55.7497,89.6,55,40,6.91
601,Chapada Dos Guimaraes,BR,2021-04-09 17:23:54,-15.4606,-55.7497,89.6,55,40,6.91
602,Chapada Dos Guimaraes,BR,2021-04-09 17:23:54,-15.4606,-55.7497,89.6,55,40,6.91
603,Chapada Dos Guimaraes,BR,2021-04-09 17:23:54,-15.4606,-55.7497,89.6,55,40,6.91
604,Chapada Dos Guimaraes,BR,2021-04-09 17:23:54,-15.4606,-55.7497,89.6,55,40,6.91
605,Chapada Dos Guimaraes,BR,2021-04-09 17:23:54,-15.4606,-55.7497,89.6,55,40,6.91
606,Chapada Dos Guimaraes,BR,2021-04-09 17:23:54,-15.4606,-55.7497,89.6,55,40,6.91
607,Chapada Dos Guimaraes,BR,2021-04-09 17:23:54,-15.4606,-55.7497,89.6,55,40,6.91
608,Chapada Dos Guimaraes,BR,2021-04-09 17:23:54,-15.4606,-55.7497,89.6,55,40,6.91
609,Chapada Dos Guimaraes,BR,2021-04-09 17:23:54,-15.4606,-55.7497,89.6,55,40,6.91
610,Chapada Dos Guimaraes,BR,2021-04-09 17:23:54,-15.4606,-55.7497,89.6,55,40,6.91
611,Chapada Dos Guimaraes,BR,2021-04-09 17:23:54,-15.4606,-55.7497,89.6,55,40,6.91
612,Chapada Dos Guimaraes,BR,2021-04-09 17:23:54,-15.4606,-55.7497,89.6,55,40,6.91
613,Chapada Dos Guimaraes,BR,2021-04-09 17:23:54,-15.4606,-55.7497,89.6,55,40,6.91
614,Chapada Dos Guimaraes,BR,2021-04-09 17:23:54,-15.4606,-55.7497,89.6,55,40,6.91
615,Chapada Dos Guimaraes,BR,2021-04-09 17:23:54,-15.4606,-55.7497,89.6,55,40,6.91
616,Chapada Dos Guimaraes,BR,2021-04-09 17:23:54,-15.4606,-55.7497,89.6,55,40,6.91
617,Chapada Dos Guimaraes,BR,2021-04-09 17:23:54,-15.4606,-55.7497,89.6,55,40,6.91
618,Chapada Dos Guimaraes,BR,2021-04-09 17:23:54,-15.4606,-55.7497,89.6,55,40,6.91
619,Chapada Dos Guimaraes,BR,2021-04-09 17:23:54,-15.4606,-55.7497,89.6,55,40,6.91
620,Chapada Dos Guimaraes,BR,2021-04-09 17:23:54,-15.4606,-55.7497,89.6,55,40,6.91
